ADDRESS;NAME;ORIGINAL_LAT;ORIGINAL_LNG
г.Ростов-на-Дону, ул.Волкова 6;Ростов Северный;47.282453;39.710602
г.Ростов-на-Дону, пр.Сельмаш 20/51;Ростов Сельмаш ДК;47.250455;39.765076
г.Казань, ТЦ Южный, пр. Победы,91;Казань ТЦ Южный;55.768355;49.217176
г.Москва, Боровское шоссе, вл.6;Москва ТЦ Солнечный;55.658794;37.401905
г.Анапа, ул. Крымская 182;Анапа;44.896944;37.323814
г. Новочеркасск, ул. Московская, 10/20;Новочеркасск Московская;47.412303;40.099501
г. Каменск-Шахтинский, пр. Карла-Маркса, 68;Каменск-Шахтинский К Маркса;48.316902;40.266902
г. Казань,  Пр. Победы, 141;Казань Мега;55.7810338465191;49.213016767149796
г. Раменское, Вокзальная ул., 4Б;Раменское ТЦ Солнечный;55.56830891528993;38.23117378244706
г.Мытищи, Шараповский проезд вл.2;Мытищи ТЦ Красный Кит;55.916592;37.75903
г. Екатеринбург, ул. Металлургов 87;Екатеринбург ТЦ Мега;56.823429;60.505092
Кстовский р-н, село Федякова, ТЦ Мега;Нижний Новгород Мега;56.223581;44.051845
Ленинградская обл., Всеволжский р-н, Мурманское шоссе 12;С-Петербург ТЦ Мега Дыбенко;59.892302;30.510803
г. Курск, ул. Карла Маркса д.6;Курск ТЦ Централ Парк;51.750823;36.191344
г. Екатеринбург, ул.Халтурина д.55, ТЦ Карнавал;Екатеринбург ТЦ Карнавал;56.852962;60.550403
г.Ярославль, пр. Ленинградский 123, ТЦ Альтаир;Ярославль Альтаир;57.697510805754;39.7581096604
г.Санкт-Петербург, Выборгский р-н, пр. Энгельса,ТЦ Мега;С-Петербург ТЦ Мега Парнас;60.090875453284184;30.378801608825096
г.Набережные Челны, просп. Мира 3;Набережные Челны Торговый квартал;55.7249;52.380998
п.Нагорный, ул.Дорожная, д.6А;Ярославль ТЦ Ярославский Вернисаж;57.57137938834596;39.84261892108096
г.Красноярск, ул. Мате Залки 5;Красноярск ТЦ Сибирский Городок;56.065309;92.94561
г.Омск, ул.К.Маркса, 10;Омск Провиант;54.973861710128;73.381710459392
г.Магнитогорск, К.Маркса, 153, ТЦ Гостиный Двор;Магнитогорск Гостиный Двор;53.3788;58.981513
г.Москва, Измайловское шоссе 71А;Москва ТЦ АСТ Партизанская;55.789608;37.752481
Московская обл., г.Орехово-Зуево, ул. Я.Флиера 4;Орехово-Зуево ТЦ Капитолий;55.806398;38.9779
г.Курск, ул.Щепкина, 4б;Курск Манеж;51.725893;36.175624
г. Красноярск, ул. Высотная д.2 ж;Красноярск Высотная;56.019842;92.792762
г.Омск, ТЦ Кристалл, пр.Мира, 19;Омск Кристалл;54.990215;73.365535
г.Тольятти, ул.Баныкина, д.74;Тольятти ТЦ Аэрохолл;53.510599;49.457098
г. Волгоград, ул. Историческая 175, ТЦ РЕАЛ;Волгоград ТЦ Реал;48.756087;44.478267
г.Тольятти, Автозаводское шоссе 6;Тольятти ТЦ Парк Хаус;53.54202545011912;49.39023126458607
пос. Караваево, Красносельское шоссе,1;Кострома ТЦ Коллаж;57.74478828878122;41.013205544555355
г.Сергиев Посад, ул. Вознесенская 32А;Сергиев Посад ТЦ Счастливая Семья;56.302403;38.132064
г. Кемерово, Октябрьский пр-т, 34, ТЦ АЛЛИ(Лапландия);Кемерово ТЦ Лапландия;55.350351;86.133542
г.Орел, Кромское ш., 4;Орел ТЦ Мега ГриНН;52.921557;36.010513
г.Калуга, ул.Кирова 56;Калуга Кирова;54.513694;36.260748
г.Челябинск, ул.Артиллерийская 136;Челябинск ТЦ Горки;55.163384;61.430312
Самарская обл., г.Сызрань, пр. 50 лет Октября 54а;Сызрань ТЦ Монгора;53.121702;48.3997
Республика Адыгея,аул Новая Адыгея,ул.Тургеневское шоссе 27;Краснодар ТЦ Мега;45.013820294331;38.929805917141
г.Нефтекамск ул.Ленина 26;Нефтекамск Ленина;56.088202;54.249997
Московская обл. г. Коломна, ул. Октябрьской революции 362;Коломна ТЦ Рио;55.084044;38.800016
 просп. Победы, 1Ж, Новокуйбышевск;Новокуйбышевск ТЦ Сити Парк;53.099902;49.960703
г.Воскресенск, пл.Ленина 5;Воскресенск ТЦ Воскресенск;55.321634;38.673003
г.Самара, Красноглинский р-он, пос. Красный Пахарь, 24 км трассы М5;Самара ТЦ Мега;53.325729;50.305306
г.Бийск, ул.Советская 205/2;Бийск ТЦ Ривьера;52.536898;85.218796
г.Оренбург, ул.Новая 4;Оренбург ТЦ Гулливер;51.811167;55.091529
г.Казань, просп.Хусаина Ямашева 46/33;Казань ТЦ Парк Хаус;55.829567;49.11864
Белгородская область, г.Старый Оскол, м-н Ольминского 17;Старый Оскол ТЦ Боше;51.309430227727;37.873372738068
г.Новосибирск, пл.К. Маркса 3;Новосибирск Карла Маркса;54.98265;82.893866
г.Красноярск, пр.Красноярский рабочий 120;Красноярск ТЦ КрасноеЯрье;56.004257;92.930896
Республика Башкортостан, г.Салават, ул.Ленина 42;Салават ТЦ Гостинный Двор;53.350402;55.9261
г.Пенза, ул.Кирова 73;Пенза ЦУМ;53.198408;45.021379
г.Санкт-Петербург, Ленинский пр. 138/5;С-Петербург Нарвский Универмаг;59.85219;30.279019
г.Саров, ул.Московская 5, стр 1;Саров ТЦ Плаза;54.9402;43.328899
г.Элиста, ул.Ленина 241 корп. 1;Элиста ТЦ Гостиница Элиста;46.308197;44.2648
г.Железногорск, пр.Ленинградский 1 б;Железногорск-Сиб ТЦ Сибирский Городок;56.230278931468;93.547767872967
г.Нижний Новгород, ул.Родионова 187;Нижний Новгород ТРЦ Фантастика;56.307931;44.073513
г.Новороссийск, пр-т Дзержинского 197;Новороссийск Дзержинского Новый;44.689049;37.779269
г.Москва, ул.Щукинская 42;Москва ТЦ Щука;55.809469;37.464571
г.Рязань, пр-т Первомайский 70, корп.1;Рязань ТЦ Виктория Плаза;54.630529;39.710252
г.Екатеринбург, ул.8 Марта 46;Екатеринбург ТЦ Гринвич Новый;56.828714;60.600187
г.Санкт-Петербург, ул.Садовая 32/1;С-Петербург Садовая;59.928922471018;30.323724797623
г.Барнаул, пр-т Космонавтов 6в;Барнаул ТЦ Алтай;53.388844;83.732749
г.Нефтеюганск, 10-й микрорайон 19;Нефтеюганск ТЦ Купец;61.098902;72.614597
г.Нижневартовск, ул.Интернациональная 73;Нижневартовск ТЦ Подсолнух;60.943925;76.634675
г.Невинномысск, ул.Гагарина 51;Невинномысск Гагарина;44.628299;41.947003
г. Ростов-на-Дону, ул. Малиновского 25;Ростов ТЦ Золотой Вавилон;47.231398;39.610404
г. Тюмень, ул. Пермякова-Логунова 50Б;Тюмень ТЦ Солнечный;57.118627346544;65.577628144844
г.Сочи, Лазаревский р-н, п.Лазаревское, ул.Калараш 111;Лазаревское ТЦ Павловский;43.910148;39.336678
г.Каменск-Уральский, ул.Суворова 24;Каменск-Уральский ТЦ Мегамарт;56.390798;61.929398
Республика Башкортостан, г. Стерлитамак, ул. Худайбердина 120;Стерлитамак ТЦ Фабри;53.627898;55.940599
г. Владимир, ул. Тракторная 45;Владимир ТЦ Мегаторг;56.149722;40.385982
г. Курган, ул. Пушкина 25;Курган ТЦ Пушкинский;55.432163;65.319073
г. Краснодар, ул. им. Дзержинского 100;Краснодар ТЦ Красная площадь;45.101865;38.983595
г. Тюмень, ул. Республики 42/3;Тюмень Республики Первомайская;57.155138;65.535172
г. Москва, ул. Поляны 8;Москва ТЦ Вива;55.565407;37.556146
г. Омск, бульвар Архитекторов 35;Омск ТЦ Мега;54.971936;73.285675
г. Прохладный, ул. Свободы 139а;Прохладный Свободы;43.759899;43.999797
г. Тверь, ул. Коминтерна 20/1;Тверь ТЦ Карусель;56.835638;35.895628
г. Улан-Удэ, ул. Гагарина 25;Улан-Удэ ТЦ Сагаан Морин;51.837502;107.593997
г. Москва, Новоясеневский проспект 1;Москва ТЦ Спектр;55.619467;37.50928
г. Чита, ул. Шилова 100;Чита ТЦ Макси;52.06556;113.497285
г. Чебоксары, ул. Калинина 105а;Чебоксары ТЦ Мегамолл;56.1376;47.277965
г. Волгоград, пл. Дзержинского 1Б;Волгоград ТЦ Диамант;48.799653;44.604812
г. Самара, Кировский р-н., Проспект Кирова 147;Самара ТЦ Вива Лэнд;53.220573;50.262941
г. Уфа, Октябрьский район, пр-т Октября 65;Уфа Октября;54.760158;56.009069
г.Балаково. ул. Волжская 100;Балаково ТЦ Оранж;52.010697;47.797299
г. Нижний Тагил, ул. Ленина 22;Нижний Тагил ТЦ Пассаж;57.908030450172;59.959432139194
г. Челябинск, ул. Молдавская 16;Челябинск ТЦ Фокус;55.190668;61.302859
г. Белгород, мкр. Пригородный, ул. Щорса 64;Белгород ТЦ Сити Молл;50.552401;36.568996
г. Краснодар, Прикубанский округ, ул. Им. 40-летия Победы 146/2;Краснодар 40 лет Победы;45.055198141052564;39.0212501885285
г. Омск, ул. Марченко 3;Омск Марченко;54.939455;73.382109
г. Тамбов, ул. Советская 194/2;Тамбов ТЦ Реал;52.753797;41.444602
г. Новосибирск, пл. им. Карла Маркса 3;Новосибирск ТЦ Версаль;54.983954;82.89171
г. Астрахань, ул. Минусинская 8;Астрахань ТЦ Три Кота;46.358866;48.069749
г. Новороссийск, Анапское шоссе 2;Новороссийск ТЦ Красная Площадь;44.725269;37.762902
г. Иваново, ул. Куконковых 141;Иваново ТЦ Евролэнд;56.965515;41.026517
г. Курган, ул. Коли Мяготина 8;Курган ТЦ Гипер Сити;55.426626;65.280671
г. Брянск, ул. Красноармейская 100;Брянск ТЦ Мельница;53.240199;34.346501
г. Шатура, пр. Ильича 34;Шатура Ильича;55.575398;39.533508
г. Лобня, Краснополянский проезд 2;Лобня ТЦ Поворот;56.008349;37.439787
МКАД, 24-й километр, 1, Москва;Москва ТЦ Вегас Каширская;55.584966;37.723329
г. Южно-Сахалинск, п/р Хомутово, ул. 2-я Центральная 1Б;Южно-Сахалинск ТЦ Сити Молл;46.891513;142.742856
г. Улан-Удэ, ул. Жердева 104 Б;Улан-Удэ ТЦ Пиплз Парк;51.812002;107.664003
г. Вологда, Пошехонское шоссе 22;Вологда ТЦ Мармелад;59.197689;39.859588
г. Воронеж, Ленинский пр-т 174 п;Воронеж ТЦ Максимир;51.667853;39.250404
Хабаровск, ул. Суворова 25;Хабаровск ТЦ Южный Парк;48.395835;135.10643
г. Альметьевск, ул. Ленина 123 В;Альметьевск Ленина;54.900001;52.265699
г. Иваново, ул. 8 Марта 32;Иваново ТЦ Серебряный Город;57.00523;40.984485
г. Казань, ул. Петербургская 9;Казань ТЦ Республика;55.785321;49.126545
г.Пермь, ул.Пушкина 89а;Пермь Пушкина;58.003669;56.229048
г. Колпино, ул. Октябрьская 8;Колпино ТЦ Ока;59.738983;30.622903
г.Волгодонск, ул. Строителей 21;Волгодонск Строителей;47.5177845629642;42.1987870082053
г. Благовещенск, ул. Октябрьская 146;Благовещенск ТЦ Авоська;50.271017;127.532878
Калининский р-н, ул. Курчатова 1;Новосибирск ТЦ Голден Парк;55.104061;82.96064
г. Москва, ул. Борисовские пруды 26;Москва ТЦ Ключевой;55.639959;37.758204
г. Тверь, пр-т Калинина 15/1;Тверь ТЦ Рубин;56.849802;35.860477
г. Октябрьский, ул. Островского 6 А;Октябрьский ТЦ Аструм;54.485099;53.465498
Ленинградская область, г. Тосно, пр. Ленина, д. 44;Тосно Ленина;59.541738;30.880542
г. Хабаровск, ул. Ленинградская 28;Хабаровск ТЦ Макси Молл;48.483598;135.095004
г. Тамбов, ул. Октябрьская 16А / Носовская 10А;Тамбов ТЦ Плаза;52.7248893050387;41.4463183801632
г. Великие Луки, ул. Вокзальная 11;Великие Луки ТЦ Апельсин;56.347;30.560497
г. Краснодар, ул. СтасоваСормовская 178-1801;Краснодар ТЦ Галактика;45.029476731804;39.046489688884
г. Томск, ул. Беринга 10;Томск ТЦ Манеж;56.516219;85.033519
г. Уфа, ул. Маршала Жукова 29;Уфа ТЦ Простор;54.771331;56.058413
г. Казань, пр. Ибрагимова 56;Казань ТЦ Тандем;55.821285;49.09337
ул. Автостроителей 51 В;Димитровград ТЦ Арбат;54.20980292781754;49.599398609723764
г.Екатеринбург пр. Ленина 53;Екатеринбург Ленина;56.840685;60.61872
г. Воронеж, бульвар Победы 23б;Воронеж ТЦ Арена;51.710833;39.159854
г. С.-Петербург, Балканская пл. 5;С-Петербург ТЦ Балканский;59.829522;30.379454
г.Красноярск, ул. Молокова 56/1;Красноярск ТЦ Оптима;56.04051;92.901719
Московская обл., г. Реутов, 2-й км МКАД д. 2;Реутов ТК Шоколад;55.763254151197664;37.84476763615242
г. Королев, пр. Королева 9;Королев Королева;55.922192;37.849419
г. Чебоксары, пр. И. Яковлева 4Б;Чебоксары ТЦ МТВ;56.1006;47.264598
г. Чебоксары, Президентский бульвар 20;Чебоксары ТЦ Каскад;56.135509;47.240676
ул. Зарубина 167;Саратов ТЦ Триумф Молл;51.54149232128152;46.01423177454074
г. Санкт-Петербург, Лиговский проспект, д. 30, лит. А;С-Петербург ТЦ Галерея;59.927256;30.360712
г. Новосибирск, ул. Военная 5;Новосибирск ТЦ Аура;55.028548;82.936626
г.Обнинск, пр-кт Маркса 45;Обнинск ТЦ Триумф Плаза;55.116917;36.593295
г. Энгельс, пл. Ленина 4;Энгельс ТЦ Лазурный;51.50258;46.118384
Автозаводская ул., 3А, Ижевск;Ижевск ТЦ Столица;56.873407;53.277302
г. Орск, ул. Васнецова 16;Орск ТЦ ЦУМ;51.222768;58.495929
г.Кисловодск, ул. Горького 14;Кисловодск ТЦ Кристалл;43.907999;42.713104
г. Самара,, Московское шоссе 185а;Самара ТЦ Самолет;53.248848;50.220541
г. Саранск, ул. Энгельса 26;Саранск Энгельса;54.171782;45.128925
г.Пермь,ул. Мира 41/1;Пермь ТЦ Столица;57.97735;56.189603
г. Йошкар Ола, ул. К.Маркса 99;Йошкар-Ола ТЦ Форум;56.628458925756966;47.89724869576993
Республика Башкортостан, г. Ишимбай, ул. Стахановская 92;Ишимбай ТЦ Ишимбай;53.451302;56.034904
г. м-н Усолье-Сибирское, ул. Республики 6;Усолье-Сибирское Республики;52.75267657813;103.66105216666
г. Южноуральск, ул. Победы 22;Южноуральск ТЦ Южный;54.443298;61.281703
г. Новошахтинск, ул. Базарная 33;Новошахтинск Базарная;47.754;39.932899
г. Наро-Фоминск, ул. Ленина 8;Наро-Фоминск ТЦ Серпантин;55.383117;36.728088
г. Муром, ул. Советская 29;Муром Советская;55.577302;42.049599
г. Брянск, ул. Куйбышева 15а;Брянск ТЦ Консул;53.3071;34.307703
г.Геленджик, ул. Тельмана 135;Геленджик Тельмана;44.567803400809;38.090478777771
г. Ейск, ул. Западная 1/1;Ейск ТЦ Гелиос Холл;46.677603;38.289503
г. Екатеринбург, пр. Космонавтов 51;Екатеринбург Космонавтов;56.905475;60.613051
г. Сарапул, ул. Красноармейская 76а;Сарапул Красноармейская;56.473301;53.813101
г. Якутск, ул. Лермонтова 62/4;Якутск ТЦ Айсберг;62.036517715852;129.71818960463
г. Белгород, пр. Б. Хмельницкого 164;Белгород ТЦ Рио;50.642050013549;36.571903497234
г. Ижевск, ул. Удмуртская 304;Ижевск ТЦ Аврора Парк;56.860516;53.221551
г.Хабаровск, ул. Ким-Ю-Чена 44;Хабаровск ТЦ Магазины Радости;48.490298;135.082149
г.Ачинск, микрорайон 1, дом 41А, корпус 1;Ачинск ТЦ Лазурит;56.263377;90.492212
г. Санкт-Петербург, ул. Савушкина 141а;С-Петербург ТЦ Меркурий;59.990791;30.205807
г. Благовещенск, ул. Ленина 121;Благовещенск Ленина;50.257433;127.541142
г. Ярославль, Тутаевское шоссе 1;Ярославль ТЦ Рио;57.67056;39.838199
г. Киров, ул. Горького 5а;Киров ТЦ Джам Молл;58.59916;49.647667
г. Кузнецк, ул. Минская 27;Кузнецк ТЦ Лига;53.1082;46.567398
г. Москва, ш.Дмитровское 163а/1;Москва ТЦ Рио Дмитровка;55.909368;37.540362
г. Адлер, ул. Демократическая 42;Адлер ТЦ Демократический;43.423272;39.923285
г. Лиски, ул. Коммунистическая 21;Лиски Коммунистическая;50.9781;39.5077
г. Михайловск, ул. К. Маркса 79;Михайловск Карла Маркса;45.131516848385;42.027272030608
г. Чехов, ул. Московская, вл. 96;Чехов ТЦ Карнавал;55.153298;37.459702
г. Ржев, ул. Большая Спасская 8;Ржев Спасская;56.257298;34.327196
г. Дубна, пр. Боголюбова 24а;Дубна ТЦ Маяк;56.735224;37.155766
г. Находка, пр. Находкинский 5;Находка ТЦ Зебра;42.802099;132.874997
г. Горно-Алтайск, пр. Коммунистический 80;Горно-Алтайск Коммунистический;51.955067771957;85.933429637075
Иркутская обл., г. Братск, ж.р.Энергетик, ул. Наймушина 5;Братск Наймушина;56.309;101.752002
г. Чусовой, ул. Мира 17;Чусовой ТЦ Сатурн;58.269914576351;57.803998666808
г. Кемерово, пр. Шахтеров 54;Кемерово ТЦ Радуга;55.399597;86.117767
г. Саяногорск, Интернациональный мкр. 7 А;Саяногорск Интернациональный;53.089898;91.405197
г. Волгоград, бульвар им. Энгельса 25;Волгоград Героев Сталинграда;48.514702;44.543996
ул. Советская 84;Новотроицк ТЦ Ринг;51.19435274139107;58.295570728835735
г. Тольятти, ул. Революционная 52а;Тольятти ТЦ Русь на Волге;53.517737;49.271533
г. Минусинск, ул. Абаканская 50А;Минусинск ТЦ Енисей;53.694221;91.67144
г. Клин, ул. К. Маркса 2а;Клин ТЦ Атак;56.333095;36.712214
Республика Коми, Ухта г., ул. Строительная, 2а;Ухта ТЦ Ярмарка;63.56691834749756;53.706525058043994
Иркутская обл.,г. Тайшет, ул. Суворова 4/1;Тайшет Суворова;55.936956025808;98.017828371689
г. Волгодонск, ул. Морская 86,стр. 4;Волгодонск Морская;47.516599;42.157999
г. Бирск, ул. 8 марта 46;Бирск ТЦ Нефтяник;55.410602;55.560702
г. Ростов-на-Дону, Ворошиловский р-н, ул. Омская 2к;Ростов ТЦ Реал;47.25846807342138;39.722506658721585
г. Ставрополь, ул. Тухачевского 14/2;Ставрополь ТЦ Москва;45.012402;41.918499
г. Дзержинск, ул. Гайдара 59;Дзержинск ТЦ Росси;56.234865;43.436365
г. Воронеж, ул. Кольцовская 35;Воронеж ТЦ Галерея Чижова;51.665937;39.191618
г. Миасс, проспект Автозаводцев 65;Миасс ТЦ Слон;55.046099;60.110597
МО, г. Егорьевск, ул. Советская 157;Егорьевск ТЦ Форум;55.377941;39.044906
г. Одинцово, ул. Советская,д.2;Одинцово ТЦ Подворье;55.672199;37.2795
Кемеровская обл., г. Новокузнецк, ул. Металлургов 1;Новокузнецк Металлургов;53.748308782531;87.117459110467
Московское шоссе 65А;Рязань ТЦ М5;54.650479;39.635817
г. Лесосибирск, ул. Победы, д.31Б;Лесосибирск ТЦ Сибирский Городок;58.185674;92.531909
Республика Коми, г. Сыктывкар, Октябрьский пр. д.141;Сыктывкар ТЦ Макси;61.698567;50.802002
г. Красноярск, ул.60 лет Октября,зд.48;Красноярск ТЦ Енисей;55.976901;92.856075
г. Дмитров, ул. Загорская 22;Дмитров Советская;56.3428;37.516
г. Красноуфимск, ул. Озерная 22;Красноуфимск ТЦ Фактория;56.612999;57.773602
ул. Коммунистическая 18;Бугуруслан Коммунистическая;53.65573053527376;52.43421414022436
г. Астрахань, Вокзальная площадь 13;Астрахань ТЦ Ярмарка;46.359917;48.055358
г. С.-Петербург, Гражданский пр., 41;С-Петербург ТЦ Академ Парк;60.011464;30.39783
г. Ессентуки ул. Интернациональная 27;Ессентуки Дионис;44.04128993505913;42.86123539881113
Республика Дагестан, г.Хасавюрт, Махачкалинское шоссе 9;Хасавюрт ТЦ Майн Рид;43.238386184691;46.580428259796
Московская обл., г. Серпухов, Борисовское шоссе 1;Серпухов ТЦ Корстон;54.917324;37.425845
г. Москва, ул. Пришвина 22;Москва ТЦ Александр Лэнд;55.885469;37.602166
г. Вологда, Окружное шоссе 12;Вологда ТЦ Рио;59.203002;39.812498
г. Челябинск, ул. Молодогвардейцев 7;Челябинск ТЦ Фиеста;55.204957;61.328191
г. Россошь, пл. Октябрьская 18-а;Россошь ТЦ Якиманка;50.190102;39.574768
г.Ишим, ул.К.Маркса 62/1;Ишим Маркса;56.109702;69.495898
ЕАО, г. Биробиджан, ул. Советская 58;Биробиджан ТЦ Великан;48.778712;132.941131
Воронежская обл., г. Борисоглебск, ул. Советская 80;Борисоглебск ТЦ Первый;51.365285;42.099609
г.Саратов, Расковское муниципальное образование, Вольский тракт 2;Саратов ТЦ Хэппи Молл;51.621449;45.972443
г. Северодвинск, Морской проспект, 70;Северодвинск ТЦ Сити;64.535260210918;39.778193965912
г. Омск, ул. Энтузиастов 2/1;Омск ТЦ ОК;55.045398;73.2707
г. Уфа, Кировский р-он, Рубежная 174;Уфа ТЦ Мега;54.668509;55.930852
г. Славянск-на-Кубани, ул. Ковтюха 50;Славянск-на-Кубани Ковтюха;45.259852579794;38.123482244041
Петропавловск-Камчатский, пр. Победы 67;Петропавловск-Камчатский ТЦ Пассаж;53.071850489702;158.58758304662
г. Краснодар, Карасунский внутригородской округ, ул. Крылатая 2;Краснодар ТЦ ОЗ Молл;45.034942;38.976032
г. Домодедово, микрорайон Северный, Каширское шоссе, стр.3 а;Домодедово ТЦ Торговый Квартал;55.451967;37.763198
Амурская обл., г.Белогорск, ул.Ленина,63;Белогорск Ленина;50.918902;128.473001
г.Киров, ул.Комсомольская 37А;Киров ТЦ Лето;58.579977;49.650182
Ставропольский край, г. Ессентуки, ул. Ермолова 2;Ессентуки ТЦ Каньон;44.037197;42.870902
Красноярский край, г. Зеленогорск, ул. Песчаная 2;Зеленогорск ТЦ Сибирский Городок;56.102092;94.577068
г. Нижний Новгород, ул. Бетанкура 1;Нижний Новгород ТЦ 7 Небо;56.33809;43.954908
г. Санкт-Петербург, ул. Тепловозная, д. 31;С-Петербург ТЦ Порт Находка;59.83177;30.501428
ЗАТО Северск, ул. Курчатова 11а;Северск ТЦ Мармелайт;56.59384;84.909752
г. Москва, Шоссе Энтузиастов 12, корпус 2;Москва ТЦ Город Лефортово;55.747424;37.70708
г. Ульяновск, ул. Радищева 39;Ульяновск ТЦ Энтерра;54.327199;48.401362
г. Чебоксары, ул. Ленинского Комсомола 21а;Чебоксары ТЦ Мадагаскар;56.107614;47.280732
Свердловская область, г. Первоуральск, пр. Ильича 31;Первоуральск ТЦ Строитель;56.9049237203443;59.9521671023375
г. Ростов-на-Дону, пр. Михаила Нагибина 17;Ростов ТЦ РИО;47.246717;39.712201
г Пермь, ул. Юрша 82;Пермь Юрша;58.002501;56.305504
г. Оренбург, пр. Гагарина 29/2;Оренбург ТЦ Чайка;51.773488;55.184334
г. Кыштым, ул. Карла Либкнехта 178Б;Кыштым ТЦ Фаэтон;55.706898;60.548885
г. Клинцы, пр. Ленина, 13;Клинцы Ленина;52.755476;32.247551
Республика Марий Эл, г.Волжск, ул.Ленина 55в;Волжск ТЦ Глория;55.8645;48.359896
г.Подольск, ул.Свердлова 26 ТЦ Галерея;Подольск ТЦ Галерея;55.426053;37.540632
г. Луга, проспект Володарского 30а;Луга Володарского;58.725958;29.847442
г. Киров, ул. Ленина 102а;Киров Ленина;58.595399;49.682099
Пермский край, г. Соликамск, ул. 20 лет Победы, д.99 а;Соликамск Бисмарк-1;59.649102;56.7757
Приморский край, г. Владивосток, ул. Запорожская 77;Владивосток ТЦ Черемушки;43.099666975682;131.90399532674
г.Орел, Московское шоссе, 175;Орел ТЦ РИО;53.016583;36.16028
Ленинградская  область, г. Всеволожск, Октябрьский пр., д. 85;Всеволожск ТЦ Юбилейный;60.019774;30.646628
г. Москва, Ореховый бульвар 22А;Москва ТЦ Облака;55.612039;37.732763
г.Павловский Посад, ул.Большая Покровская 35;Павловский Посад Сити-Центр;55.772122;38.65377
Краснодарский край, г Анапа , Астраханская, 99;Анапа ТЦ Красная Площадь;44.880418;37.339463
ул. Ленинградская 27;Казань ТЦ Бахетле;55.863202;49.084998
г. Тихорецк, ул. Октябрская 58 а;Тихорецк Октябрьская;45.857715534956;40.131228508534
г. Южно-Сахалинск, ул. Сахалинская 69;Южно-Сахалинск ТЦ Калинка;46.963386;142.725797
г.Томск, ул.Елизаровых,41;Томск Юбилейный;56.46084;84.987345
г.Рязань, Московское шоссе 21;Рязань ТЦ Премьер;54.631535;39.699984
г. Ногинск, ул. Трудовая 11;Ногинск ТЦ Атак;55.855644;38.43839
г.Ульяновск, Московское шоссе,108;Ульяновск ТЦ Аквамолл;54.306691;48.359707
г.Ульяновск, ул.Рябикова, 70;Ульяновск ТЦ Альянс Атриум;54.27732;48.290178
Россия, Санкт-Петербург, проспект Культуры, 1;С-Петербург ТЦ Родео Драйв;60.033701;30.367755
Ставропольский край, г. Изобильный, пер. Ленина 10;Изобильный ТЦ Москва;45.370651;41.708303
Кемеровская обл.,г.  Анжеро-Судженск ул. Ленина 13а;Анжеро-Судженск ТЦ Сибирский городок;56.080414030801;86.019753689011
г. Петрозаводск, пр. Ленина 14в;Петрозаводск ТЦ Макси;61.791354;34.364422
Ленинградская обл., г. Тихвин, Карла Маркса 16;Тихвин Маркса;59.644627;33.51591
Курганская обл.г.Шадринск, ул.Свердлова, в районе д.77;Шадринск ТЦ Монетка;56.087901;63.634903
г. Альметьевск, ул.Ленина, д.1«В»;Альметьевск ТЦ Час Пик;54.903768249529;52.314429053408
г. Кореновск, ул. К. Маркса 318б;Кореновск Карла Маркса;45.473101;39.4266
Московская обл., г. Луховицы, ул. Пушкина 125;Луховицы ТЦ Кадо;54.968158;39.028475
Краснодарский край,г.Кропоткин, ул.Красная 116 В;Кропоткин Красная;45.434000709695;40.565271660233
ул. Ленина 7;Бузулук ТЦ Калина;52.78604501883456;52.264658728835556
Удмуртская республика. г. Глазов, пл. Свободы 1;Глазов ТЦ Пассаж;58.140302;52.677298
г. Сызрань, Московская 33;Сызрань ТЦ Москва;53.1663;48.480297
г. Ульяновск, проспект Ульяновский 1;Ульяновск ТЦ Самолет;54.369162;48.58708
г. Барнаул, пр. Красноармейский 58;Барнаул ТЦ Первомайский;53.3375;83.77523
Кемеровская обл., г. Белово, ул. Чкалова 11;Белово ТЦ Сибирский городок;54.4315;86.303503
г.Абакан, ул.Щетинкина, 59;Абакан ТЦ Фестиваль;53.728301;91.441004
г. Нижний Новгород, Московское шоссе 12;Нижний Новгород ТЦ РИО;56.317727;43.925372
Московская область, г. Красногорск , ул Знаменская дом 5 ;Красногорск ТЦ Июнь;55.818877;37.346739
г. Москва, ул. Снежная вл.27 А,Б,Г;Москва ТЦ Свиблово;55.856518;37.652131
г. Воронеж, ул. Героев Сибиряков 65А;Воронеж ТЦ Армада;51.64611741022664;39.13885455554098
г. Махачкала, ул. Казбекова 161;Махачкала Казбекова;42.984102;47.470699
г. Челябинск ул. Черкасская 15;Челябинск ТЦ КС;55.230328;61.379197
г. Сургут, Нефтеюганское шоссе 1;Сургут ТЦ Аура;61.274598;73.383097
г. Сургут, Югорский тракт 38;Сургут ТЦ Сити Молл;61.239601;73.373602
пр. Строителей,1В;Пенза ТЦ Коллаж Новый;53.22053998178522;44.951642000060154
г.Нальчик, ул.Кирова,1д;Нальчик ТЦ Галерея;43.4765;43.5736
Республика Башкортостан, г. Туймазы, ул. Горького 41, литер А;Туймазы ТЦ Иремель;54.590401;53.707199
г. Ставрополь, ул Кулакова д 29А;Ставрополь Кулакова;45.062073095741;41.924320853003
г.Смоленск, ул.Ново-Московская 2/8;Смоленск ТЦ Галактика;54.795691;32.054081
г. Канск, ул 40 лет Октября 62/2;Канск ТЦ Порт Артур;56.232549;95.700626
г. Чита, ул. Ленина 124;Чита Ленина;52.036688988528;113.49176024243
Иркутская обл., г.Братск, ул. Кирова 35;Братск Кирова;56.153402;101.630998
г.Белорецк, ул.Точисского,  д.9;Белорецк ТЦ Белорецк;53.970192;58.404392
обл.Свердловская, г.Качканар, ул.Гикалова, д.7б;Качканар ТЦ Восток-Центр;58.701669;59.479862
ХМАО-ЮГРА, г. Нягань, ул. Ленина 28;Нягань ТЦ Оазис Плаза;62.148298;65.4351
Приморский край, г. Дальнегорск, пр. 50 лет Октября 32Б;Дальнегорск 50 лет Октября;44.546500887431;135.5564741982
г. Барнаул, ул. А.Петрова 219 Б;Барнаул ТЦ Огни;53.359248426689;83.698304422508
Вологодская область, г.Череповец, пр.Победы 188А;Череповец ТЦ Макси;59.118788;38.000883
Свердловская область, г. Верхняя Пышма, ул. Орджоникидзе 18;Верхняя Пышма Кировский;56.9726;60.573597
Пермский  край, г. Краснокамск, п-т Маяковского 7а;Краснокамск ТЦ Парк;58.082402;55.758403
Московская область, г.Подольск, пр.Октябрьский 9в;Подольск ТЦ Октябрьский;55.426539;37.504519
Ростовская обл., г. Аксай, пр. Аксайский 23;Ростов ТЦ Мега;47.2901451641589;39.8463017567127
г. Стерлитамак, ул Артёма 96;Стерлитамак ТЦ Арбат;53.622099;55.900902
г.Сочи, ул.Северная 6;Сочи ТЦ СанСити;43.594601;39.727598
г.Прокопьевск, ул.Институтская 18/1;Прокопьевск Институтская;53.873001;86.646902
Республика Дагестан, г. Дербент ул. 345 Дагестанской стрелковой дивизии д.15;Дербент ТЦ Гермес;42.07093;48.294319
г. Екатеринбург, в квартале улиц 8 Марта – Шварца – Фучика;Екатеринбург ТЦ Ботаника Молл;56.796406535312876;60.61313284667868
Московская область, г. Ивантеевка ул. Советский пр-т 2а;Ивантеевка ТЦ Гагарин;55.974685;37.906902
г. Нижневартовск, ул. Чапаева 27;Нижневартовск ТЦ Европа;60.93785;76.59488
г. Елабуга, ул. Марджани 34а;Елабуга ТЦ Мираж;55.774558;52.01259
г. Улан-Уде, ул. Каландаришвили 30;Улан-Удэ ТЦ Классик Мода;51.828102;107.586999
г. Санкт-Петербург,ул Звездная, д.1;С-Петербург ТК Континент Звездный;59.832548;30.347771
г.Солнечногорск, ул. Красная, д.22А;Солнечногорск ТЦ Солнечный;56.175463351845;36.998929506035
г. Туапсе, ул Сочинская  2;Туапсе ТЦ Красная площадь;44.100994;39.092471
Новгородская обл, г. Боровичи, ул Кузнецова, д 64;Боровичи ТЦ Теремок;58.391299;33.913899
Пермский край, г.Пермь, ул.Светлогорская 20аа;Пермь ТЦ Браво;58.039499;56.027197
г. Иркутск, ул 3-го Июля 25;Иркутск ТЦ Модный Квартал;52.272866;104.290093
г. Махачкала, пр. Гамзатова 23;Махачкала Гамзатова;42.98133755479201;47.50899404005091
г. Красноярск, пр им. Газеты Красноярский рабочий 27, стр 78;Красноярск ТЦ Мега;56.020235;93.009606
г. Волгоград, ул. Рабоче-крестьянская 9Б;Волгоград ТРЦ Ворошиловский;48.697268;44.502036
Тульская обл, г Алексин, ул Мира 20;Алексин Мира;54.503474;37.066231
г. Норильск, ул. Талнахская, д.44;Норильск ТЦ Сказка;69.354708;88.208389
г.Тимашевск, ул Пролетарская, 114а;Тимашевск ТЦ Атриум;45.6164;38.932904
Г. Махачкала, пр. Акушинского д 45В;Махачкала Сепараторный;42.978233707324;47.445763277789
г. Люберцы, пр. Октябрьский д. 366;Люберцы ТЦ Орбита;55.6631604017206;37.91065544907369
г. Благовещенск, ул Мухина, д. 110А;Благовещенск ТЦ Острова;50.281259;127.51245
Республика Бурятия, г.Улан-Удэ, ул. Ленина, д.35;Улан-Удэ ТЦ Большой;51.829655;107.584089
Липецкая обл, г.Елец, ул.Радиотехническая д.5;Елец ТЦ Ваш Дом;52.610849;38.474053
г. Набережные  Челны, Сармановский тракт, д 48 А;Набережные Челны ТЦ Алтын;55.693353;52.335974
Башкортостан, г. Сибай, ул Белова д 13;Сибай Белова;52.722708;58.681934
Челябинская обл., г.Троицк, ул. Гагарина д 130;Троицк ТЦ Омега;54.08637;61.552734
г. Волгоград, проспект Университетский, д.107;Волгоград ТЦ Акварель;48.636873;44.436244
Пермский край, г. Чернушка, ул. Юбилейная, д. 40;Чернушка Юбилейная;56.513403;56.076667
г. Владивосток, ул. Фадеева, д. 1-а;Владивосток ТЦ Надежда;43.107421;131.940866
Кемеровская обл, г.Юрга, ул.Машиностроителей, д.32;Юрга ТЦ Спутник;55.709418640488;84.915787777006
г. Тула , ул. М. Горького д. 7;Тула Горького;54.214214;37.617797
г. Калуга, ул. Суворова 113;Калуга ТЦ Семейный;54.516824;36.256661
г. Нижний  Новгород, пл. Революции, д.9;Нижний Новгород ТЦ Республика;56.320303;43.94756
г.Щербинка, ул. Железнодорожная, д. 44;Щербинка ТЦ Акварель;55.501447;37.562901
г. Армавир, ул.Воровского, 69;Армавир ТЦ Красная площадь;44.983353511292485;41.09698781487883
Республика Тыва, г. Кызыл, ул. Дружбы, 140а;Кызыл Дружбы;51.719047;94.443829
г.Находка, ул.Сидоренко, д.1, строение 12;Находка ТЦ Купеческий Двор;42.848862;132.890762
Ленинградская обл., г.Кириши, пр.Героев, д.11;Кириши ТЦ Ладога;59.446195;32.022712
г.Шахты, пр. Красный Шахтер, д 78;Шахты ТЦ Максимум;47.70709;40.216354
Тамбов, ул. Студенецкая набережная, 20а;Тамбов ТЦ Акварель;52.72831527479455;41.4446824662695
г.Кострома, ул. Магистральная, д. 20;Кострома ТЦ РИО;57.742669;40.918782
г.Миллерово, ул. Л.Толстого, д.44;Миллерово ТЦ Рынок;48.924985;40.399852
г. Ялуторовск, ул Свободы 177;Ялуторовск ТЦ Гулливер;56.645138;66.298174
г.Владикавказ, ул Международная, д 2а;Владикавказ ТЦ Столица;43.05276;44.636855
г. Самара , ул. Мальцева,  д. 7;Самара ТЦ Ди Порт;53.194316102466;50.246188236307
г. Омск, ул. Кирова д 20;Омск Кирова;54.942366;73.423683
г.Новосибирск, Кировский р-н, ул.Ватутина 107;Новосибирск ТЦ Мега;54.96423;82.936465
г.Саянск ,мкр. Строителей , стр-ние 44;Саянск ТЦ Скиф;54.113548696395;102.17892371233
г. Новосибирск, ул Вокзальная магистраль, д 4а;Новосибирск СТД;55.03395;82.902868
г.Черемхово, ул. Некрасова , д 19;Черемхово ТЦ РИО;53.138891346545;103.09294057476
г.Усть-Илимск, ул Мира д 7;Усть-Илимск Мира;57.955289112491;102.73862569911
Г. Ярославль , ул Свободы, д 46а;Ярославль ТЦ Аура;57.626872;39.869236
г. Норильск , ул Орджоникидзе ,5а,;Норильск ТЦ Арена;69.35718;88.177946
г. Магадан, ул. Гагарина, д. 28;Магадан ТЦ Гранд;59.554031;150.808963
г. Тобольск, 7 микрорайон, 30;Тобольск ТЦ Жемчужина Сибири;58.2291607786853;68.2748229683826
г. Оренбург, Шарлыкское ш.1/2;Оренбург Армада;51.843562;55.12112
г.Екатеринбург, ул. Репина 94;Екатеринбург ТЦ Радуга Парк;56.816878;60.538186
г. Владимир, пр-т Ленина д.46;Владимир ТЦ Крейсер;56.118621;40.352206
Челябинская область, г. Снежинск, ул. Транспортная, дом 35, помещение 1;Снежинск ТЦ Клондайк;56.065635;60.741618
г.Брянск, ул. Объездная, д.30;Брянск ТЦ Аэропарк;53.27537;34.316704
г.Крымск, ул.Троицкая, дом №121-а;Крымск ТЦ Троицкий;44.929441;37.993239
г. Волхов, ул. Юрия Гагарина, д.26;Волхов Гагарина;59.927405;32.304406
ул. Трудовые Резервы 33б;Новомосковск ТЦ Первый;54.015993;38.286161
Проспект Строителей, 117;Барнаул ТРЦ Галактика;53.306836;83.612438
Нижегородская обл, г. Арзамас, ул Мира, д 13;Арзамас ТЦ Манго;55.408286;43.84349
г. Новокузнецк, ул. Кирова д.55;Новокузнецк ТЦ Сити Молл;53.758511;87.134741
г. Рыбинск, ул. М. Горького 10;Рыбинск ТЦ Космос;58.0407;38.855496
г. Иркутск, Урицкого, д.1-3;Иркутск Урицкого Новый;52.285236;104.289392
Р-ка Удмуртия, г. Ижевск, пер Широкий, дом. 53;Ижевск ТЦ Сигма;56.857377;53.211149
Г. Екатеринбург , ул. Щербакова д4;Екатеринбург ТЦ Глобус;56.788549;60.64902
Тамбовская обл., г. Мичуринск , ул Советская, д 304;Мичуринск Советская;52.888501775684;40.51296448214
Г. Старый Оскол, пр. Молодежный 10;Старый Оскол ТЦ Маскарад;51.317427;37.899679
Г. Саратов , пл Орджоникидзе д. 1;Саратов ТЦ Оранжевый;51.501179;45.944012
г. Буденновск, ул Октябрьская , д79;Буденновск Октябрьская;44.783837;44.152106
г. Иваново, ул. Лежневская, д. 55;Иваново Тополь;56.982529;40.981835
Краснодарский край, г. Сочи, Адлерский район, с. Эсто-Садок, ул. Горная карусель, д.3;Красная Поляна ТЦ Город Горки;43.683821143251;40.263303827637
Г. Челябинск , ул Воровского д. 6;Челябинск ТЦ Урал;55.157428;61.394918
Октябрьский просп., 103, Тверь;Тверь ТЦ Торговый Парк;56.814701;35.884022
Г. Магнитогорск, проспект Ленина, д 83;Магнитогорск ТЦ Континент;53.403062;58.987271
г. Уссурийск, ул Суханова, д.58;Уссурийск ТЦ Москва;43.793486;131.954242
Пермский край, г. Кунгур, ул Карла Маркса, д.37;Кунгур ТЦ Кит;57.437870265123;56.934922524175
г. Ханты-Мансийск, ул. Энгельса, 1;Ханты-Мансийск ТЦ Гостиный Двор;61.00305418106539;69.01769910981734
Кемеровская область, г. Междуреченск, ул Интернациональная д 14;Междуреченск ТЦ Район;53.690984;88.056053
Саратовская, обл.   г. Балашова, ул 30 лет Победы, д 156;Балашов ТЦ Айсберг;51.548707094479;43.156127826706
г. Рыбинск, Бабушкина улица, д. 29;Рыбинск ТЦ Виконда;58.057098;38.766104
Курская обл, г. Железногорск, ул.Димитрова,з.18;Железногорск ТЦ Матис;52.349106;35.351033
Свердловская обл.,г.Серов, ул.Ленина, д.215;Серов ТЦ Небо;59.607508;60.611138
г. Якутск, ул Курашова 6;Якутск ТЦ Проспект;62.030094;129.741646
Г.Рубцовск, ул.Тракторная, д.17;Рубцовск ТЦ Радуга;51.533411;81.205402
г.Чайковский, ул.Промышленная, д.13;Чайковский ТЦ Акварель;56.767776743627586;54.120299373016245
Чеченская Республика, г.Грозный ул.А. Кадырова, д.40;Грозный ТЦ Гранд Парк;43.308959555118;45.700962477042
г. Калининград, ул. профессора Баранова, 30;Калининград ТЦ Эпицентр;54.72152;20.509149
г. НОВОУРАЛЬСК, улица. Победы, д.5;Новоуральск ТЦ Империал;57.241854;60.079218
г. Ростов-на-Дону, ул. Большая Садовая, 68;Ростов Садовая-Семашко;47.220989;39.713558
Республика Саха (Якутия), г.Мирный, ул.Комсомольская, д.2/1;Мирный ТЦ Солнышко;62.536099;113.979896
г. Петрозаводск, Лесной проспект, д. 47;Петрозаводск ТЦ Лотос Плаза;61.776199;34.30861
г. Новый Уренгой, ул. Сибирская д.26;Новый Уренгой ТЦ Солнечный;66.082833;76.631279
Пермский край, г.Березники, ул.Пятилетки, 41;Березники ТЦ ЦУМ;59.406186;56.805874
Республика Башкортостан, г. Уфа, улица Минигали Губайдулина, 6;Уфа ТЦ Аркада;54.720449;56.001568
Г. Асбест, ул. Ленинградская д 261;Асбест ТЦ Небо;57.013351;61.452563
г. Йошкар-Ола, ул. Кирова, 6;Йошкар-Ола ТЦ Елка;56.627936;47.929926
г. Ступино, проспект Победы, д.63а;Ступино ТЦ Курс;54.89619;38.079567
г. Батайск, ул. Кирова 13 б;Батайск Кирова;47.137396;39.748053
ул. Мира, с32/2, Мытищи;ФРМ Мытищи ТЦ 4Daily;55.92138;37.719008
ул. 3 Интернационала, 8, Брянск;ФРМ Брянск ТЦ Бум Сити;53.308089;34.301642
Тушинская ул., 17, Москва;ФРМ Москва ТЦ Праздник;55.826787;37.444528
 ул. 50 лет Октября, 15А, Волгоград;ФРМ Волгоград ТЦ Юбилейный;48.519937;44.562126
г. Киев, ул. Красногвардейская 1-А;Киев ТЦ Проспект;50.458688;30.632282
г. Сыктывкар, ул. Коммунистическая 50;Сыктывкар ТЦ Парма;61.661999;50.804176
г. Пермь, ул. Спешилова, 114;Пермь ТЦ Спешилов;58.03964301557235;56.19090540608137
Саратов, ост 3-я Дачная;Саратов ТЦ Галерея ТАУ;51.576044990444295;45.972658929885434
Тюмень, ул. Дмитрия Менделеева, 1;Тюмень ТЦ Кристалл;57.117437402279556;65.54963220370468
Москва, ул. Кировоградская, 13а;Москва ТЦ Колумбус;55.61221101607;37.60692389814742
ул. Коллонтай, 3, Санкт-Петербург;ФРМ С-Петербург ТЦ Лондон Молл;59.911468;30.44687
г.Владивосток, ул.Русская, 16;Владивосток ТЦ Березка;43.16586152910416;131.90821921623277
Челябинск, Копейское ш., 64;Челябинск ТЦ Алмаз;55.145401;61.451296
Архангельск, улица Гайдара, 52;Архангельск ТЦ Сафари;64.5495557715586;40.55016160010965
Новосибирск, ул. Гоголя, 13;Новосибирск ТЦ Галерея;55.04371660364409;82.92234778403677
г. Гатчина, ш. Пушкинское, 15 А;Гатчина ТЦ Кубус;59.58216300241155;30.146271104052044
Самара, ш. Южное, 5;Самара ТЦ Амбар;53.14020009958269;50.17357349395362
г. Иркутск, ул. Сергеева, 3;Иркутск ТЦ Сильвер Молл;52.26573627047595;104.22662205444774
Волгоградская обл., Волжский г., бул. Профсоюзов, 1б;Волжский ТЦ Планета Лето;48.776242;44.773812
ул. Цюрупы, 97, корп. 3, Уфа;Уфа ТЦ Центральный;54.73659831005212;55.95787710185226
г. Великий Новгород, ул. Ломоносова, д. 29;Великий Новгород ТЦ Мармелад;58.531554;31.242894
Оренбург, просп. Победы, 1а;Оренбург ТЦ Восход;51.770838031335735;55.103363635581864
г. Калуга, ул. Московская, д. 338А;Калуга ТЦ Торговый Квартал;54.58669615548596;36.24833150926182
г. Тула, ул. Пролетарская, д.2;Тула ТЦ Макси;54.19358695334297;37.637602915344104
г. Новокузнецк, ул. ДОЗ, д. 10а ;Новокузнецк ТЦ Планета;53.780405277508216;87.12561187298384
г. Барнаул, Павловский тракт, 188;Барнаул ТЦ Арена;53.3497521108645;83.6369414391475
Россия, Санкт-Петербург, Петергофское шоссе, д. 51 А;С-Петербург ТЦ Жемчужная Плаза;59.849202;30.144245
Россия, Республика Мордовия, Городской округ Саранск, Саранск, ул. Волгоградская, 71;Саранск ТЦ Сити Парк;54.185631;45.216915
Краснодар, ул. Головатого, 313;Краснодар ТЦ Галерея;45.039515;38.974424
г. Москва, пр-т Вернадского, 86А;Москва ТЦ Авеню;55.663019;37.480993
г. Москва, ул. Ходынский бульвар, д.4;Москва ТЦ Авиапарк;55.790464;37.530409
Краснодарский край, Сочи г., ул. Новая Заря, 7;Сочи ТЦ МореМолл;43.6062586947107;39.732126245368704
Смоленск, ул. 25 Сентября, 35а;Смоленск ТЦ Макси;54.769097;32.08174
г. Ноябрьск, ул. Городилова 2 а;Ноябрьск ТЦ Новый;63.19802640033935;75.45917027976165
Московская обл., Реутов г., Носовихинское ш., 45;Реутов ТЦ Реутов Парк;55.752283;37.887247
Черкесск, Кавказская улица, 37;Черкесск ТЦ Панорама;44.233238;42.052528
Томск, Комсомольский просп., 13б;Томск ТЦ Изумрудный Город;56.488542;84.97856
Красногорск, ул. Ленина, д. 2;Красногорск ТЦ Красный Кит;55.81953252371997;37.320292644180086
г. Нижний Новгород, пл. Советская, 5;Нижний Новгород ТЦ Жар-Птица;56.296299;44.042485
ул.Энтузиастов, дом 20;Уфа ТЦ Планета;54.75741530202596;56.03619032275345
Г.Воткинск, ул. 1   Мая 77;Воткинск ТЦ Айсберг;57.0607;53.9974
Россия, Москва, Кутузовский проспект, 57 ;Москва ТЦ Океания;55.728129;37.47677
Хорошёвское ш., 27, Москва;Москва ТЦ Хорошо;55.77725489093308;37.52366789814737
г. Таганрог, площадь Мира, 7;Таганрог ТЦ Мармелад;47.217488;38.89883
Абакан, ул. Кати Перекрещенко 18 В;Абакан Перекрещенко;53.74228624170035;91.43694763558187
Ставропольский край, Пятигорск г., просп. Кирова, 56;Пятигорск ТЦ Галерея;44.03544933859227;43.065203074035026
г. С.-Петербург, ул.Магнитогорская улица, дом 11, литера Н;С-Петербург ТЦ Охта Молл;59.94036357718701;30.418160756590392
Московская обл., Люберцы г., Октябрьский просп., вл. 112;Люберцы ТЦ Выходной;55.685132;37.877527
ул. Команды Камаз-Мастер, 19;Набережные Челны ТЦ Санрайз Сити;55.75179425328271;52.409596542327854
Республика Татарстан, Нижнекамский муниципальный р-н, Нижнекамск г., ул. Баки Урманче, 15;Нижнекамск ТЦ Олимп;55.63938;51.810612
Санкт-Петербург, ул. Планерная, 59Литера А;С-Петербург ТРЦ Монпансье;60.02228913561025;30.22513468255515
г. Орёл. пл. Мира, д. 1;Орел ТЦ ЦУМ;52.96753740015806;36.07491000859831
Архангельск, Ленинградский просп., 38;Архангельск ТЦ Макси;64.52422;40.601758
г.Нерюнгри, ул. Кравченко, 24;Нерюнгри ТЦ Парадиз;56.662734;124.709338
Нижний Тагил, ул. Свердловское шоссе, д. 31;Нижний Тагил ТЦ Депо Ритейл Парк;57.87383;60.017307
Владимирская обл., Ковров г., ул. Лопатина, 7А;Ковров ТЦ Молл;56.36479335392506;41.30359958993522
Кемерово, Кузнецкий проспект, 33Б;Кемерово ТЦ Я;55.358893;86.067327
Комсомольск-на-Амуре г., просп. Мира, 37;Комсомольск-на-Амуре ТЦ ЦУМ;50.548996;137.017219
Тюмень, улица Тимофея Чаркова, 60;Тюмень ТЦ Сити Молл;57.175543;65.656481
Россия, Самара, Красноармейская улица, 131;Самара ТЦ Гудок;53.186598;50.128167
Псков, улица Кузбасской Дивизии, 19;Псков ТЦ Акваполис;57.823449;28.289952
Ягельная ул., 18А, Радужный;Радужный ТЦ Подсолнух;62.136731;77.455665
3, 254-й квартал, Ангарск;Ангарск Арбат;52.495045;103.85395
Жуковский, ул. Лацкова, 2 ;Жуковский Лацкова;55.608929;38.07609
Ижевск, ул. Автозаводская, 2а;Ижевск ТЦ Италмас;56.869077;53.278055
Россия, Москва, Варшавское шоссе, 87Б;Москва ТЦ Варшавский;55.653644;37.620698
г. Москва, площадь Киевского вокзала, 2, ст. метро «Киевская», ТРЦ «Европейский», Атриум «Берлин», 3 этаж;Москва ТЦ Европейский;55.744677;37.565883
Московская область, Балашиха, улица Крупской ул., 10А;Балашиха Крупской;55.80023099998734;37.93342971163937
площадь Гагарина, 5, Тверь;Тверь ТЦ РИО;56.847152;35.944233
Тольятти, Южное ш. 6а;Тольятти ТЦ Акварель;53.550484;49.33897
Новосибирская область, город Бердск, улица Ленина, 54;Бердск Универмаг;54.759857;83.104737
Аминьевское ш., 6, Москва;Москва ТЦ Квартал W;55.70743;37.456628
Московская обл., Сергиев Посад г., Новоугличское ш., 85;Сергиев Посад ТЦ Капитолий;56.339816;38.124635
ул. Баранова, 87, Ижевск;Ижевск ТЦ Матрица;56.832735;53.123912
просп. Сююмбике, 2/19, Набережные Челны;Набережные Челны ТЦ Омега;55.730377;52.392595
Заневский просп., 67, корп. 2, Санкт-Петербург;С-Петербург ТЦ Заневский Каскад;59.932871;30.437866
ул. Адмиральского, 10В, Пятигорск;Пятигорск ТЦ Алеф;44.051739;43.036008
Могилёв, Минское ш., 31;Могилев ТРЦ Парк Сити;53.935638;30.257639
Россия, Московская область, Химки, 8-й микрорайон, к2;Москва ТЦ Мега Химки;55.911209;37.396815
Витебская область, Витебск, проспект Строителей, 15В;Витебск ТЦ ТриО;55.170237;30.220351
Вильнюсское ш. 1, Полоцк, Беларусь;Полоцк ТЦ Манеж;55.47248;28.748997
Россия, Москва, Сходненская улица, 56;Москва ТЦ Калейдоскоп;55.850408;37.44409
Санкт-Петербург, Торфяная дор., 7;С-Петербург ТЦ Гулливер;59.990764;30.257765
Россия, Ханты-Мансийский автономный округ, Югорск, Октябрьская улица, 2;Югорск ТЦ Лайнер;61.31588;63.342439
Россия, Липецк, улица Катукова, 51;Липецк ТЦ Ривьера;52.592357;39.504331
Москва, ул. Поречная, 10;Москва ТЦ Мари;55.649825;37.770043
Москва, 7-я Кожуховская улица, 9;Москва ТЦ Мозаика;55.710687;37.6751
Москва, Староватутинский проезд, 14;Москва ТЦ Клен;55.875804;37.665542
Россия, Московская область, Котельники, 1-й Покровский проезд, 5 (здание 1, Ашан);Москва ТЦ Мега Белая Дача;55.653294;37.844208
г. Минск, проспект Победителей, 9;Минск ТЦ Галерея;53.908564;27.548191
Майкоп, ул.Крестьянская 221;Майкоп ТЦ Крестьянская;44.61047698362411;40.106832067459095
Воронежская область, Рамонский район, посёлок Солнечный, Парковая улица, 3;Воронеж ТЦ Град;51.788332;39.205264
Уфа, проспект Октября, 34;Уфа ТЦ Семья;54.749725;55.999978
Тула, Советская улица, 47;Тула ТЦ Гостиный Двор;54.191774;37.618866
Новосибирск, улица Фрунзе, 238;Новосибирск ТЦ Сибирский Молл;55.03897;82.960728
Архангельская обл., Котлас г., просп. Мира, 18;Котлас ТЦ Столица;61.236809;46.641949
г. Ставрополь, ул. Маршала Жукова, 5А (второй этаж);Ставрополь Маршала Жукова;45.04513820223316;41.96810290276227
Россия, Магадан, Пролетарская улица, 66;Магадан ТЦ Идея;59.557059;150.824531
Россия, Москва, Московский, улица Хабарова, 2;Московский ТЦ Новомосковский;55.593868;37.351896
Россия, Томск, проспект Ленина, 80А;Томск ТЦ Биг Сити;56.484004;84.948457
Игарская ул., 25/4, Салехард;Салехард Ритейл Парк Славянский;66.530815;66.673622
Беларусь, Гомель, Речицкий проспект, 5В;Гомель ТРЦ Мандарин;52.416834;30.960975
г. Нур-Султан, пр-т Кабанбай батыра, 62;Нур-Султан ТРЦ Мега Силк Вэй;51.089182;71.406678
Казахстан, Алматы, проспект Сакена Сейфуллина, 483;Алматы ТРЦ Мега Парк;43.263362897599535;76.92942062432853
Беларусь, г. Гродно, ул. Дубко, 17;Гродно ТЦ Олд Сити;53.701663;23.834865
Беларусь, Минск, Партизанский проспект, 150А;Минск ТЦ Момо;53.859902;27.674133
Ташкентский тракт, 17К, Алматы, Казахстан;Алматы ТЦ Апорт;43.233658;76.777669
Беларусь, Боровая 5, д.;Минск ТЦ Экспобел;53.964411;27.624039
г.Молодечно, ул.Великий Гостинец, 67;Молодечно ТЦ Спутник;54.308078;26.821305
Крюковская площадь, 1, Зеленоградский административный округ;Зеленоград ТЦ Иридиум;55.982672;37.174881
Выборг, Железнодорожный тупик, 4;Выборг ТЦ Кубус;60.707332;28.773427
Киевское шоссе, 23-й километр, 1;Москва ТЦ Саларис;55.621602;37.422672
Ейск Свердлова;Ейск Свердлова;46.709661;38.276413
Чечерский пр., 51, Москва;Москва ТЦ Бутово Молл;55.527372;37.519683
Россия, Московская область, Пушкино, ул. Красноармейское шоссе 104;Пушкино ТЦ Пушкино Парк;56.017085;37.885333
г.Владивосток, ул. Калинина, 8;Владивосток ТРЦ Калина Молл;43.102622;131.917501
ул. Розы Люксембург, 61, Темрюк;Темрюк ТЦ Калейдоскоп;45.279795;37.379042
ул. Гагарина, 193, Костанай, Казахстан;Костанай ТЦ Плаза;53.236097;63.613073
ул. Сулимова, 50, Кировский район, микрорайон Пионерский, Екатеринбург;Екатеринбург ТЦ Парк Хаус;56.862825;60.631832
Рогозерская ул., 4, Мурманск;Мурманск ТЦ Плазма;68.961498;33.111814
ул. Жумабаева, 91ул. Жумабаева, 91;Петропавловск ТЦ Достык Молл;54.869792;69.127528
 Троицкий просп., 17;Архангельск ТРК Европарк;64.532398;40.529191
ул. Каюма Мухамедханова, 36;Семей ТЦ ЦУМ;50.410658;80.258708
Сигнальный проезд, 17;Москва ТЦ Парк Хаус Сигнальный;55.850815;37.597544
г. Хабаровск, ул. Пионерская ул., 2Б;Хабаровск ТРК Броско Молл;48.461718;135.07909
 Рождественская ул., 3, микрорайон Железнодорожный;Железнодорожный ТЦ Конфитюр;55.743033;38.001368
Можайское ш., 31, корп. 1, Москва;Москва Универмаг Молодежный;55.718686;37.420603
ул. Заслонова 23, Солигорск, Беларусь;Солигорск ТЦ Вест;52.791567;27.539099
ул. Рыжкова, 94, Мозырь, Беларусь;Мозырь ТЦ Бобровский;52.037906;29.222411
 Телевизорная ул., 1, стр. 4, Красноярск;Красноярск ТК на Свободном;56.023096;92.795718
 просп. Карла Маркса, 42, Кингисепп;Кингисепп ТЦ Кубус;59.369639;28.613234
Берёзовское ш., 10А, Нефтекамск;Нефтекамск ТЦ Транзит;56.105194;54.233779
 Завеличенская ул., 23, д. Борисовичи;Псков ТЦ Фьорд Плаза;57.806289;28.25909
г. Иркутск, ул. Верхняя Набережная, 10;Иркутск ТЦ Комсомолл;52.267653;104.28914
 ул. 50 лет ВЛКСМ, 33, Бобруйск, Беларусь;Бобруйск ТЦ Корона;53.16528;29.187971
 ул. Бажова, 110, Усть-Каменогорск, Казахстан;Усть-Каменогорск ТЦ АДК;49.984993;82.592456
3, микрорайон Женис, Уральск, Казахстан;Уральск ТЦ Азия Молл;51.248482;51.435221
ул. Толе би, 27, Тараз, Казахстан;Тараз ТЦ Март;42.89999;71.389308
 просп. 22-го Партсъезда, 102, Минеральные Воды;Минеральные Воды ТЦ Вершина;44.193564;43.130627
 Олимпийская ул., 6, корп. 1, Видное;Видное ТЦ Галерея 9-18;55.545096;37.699191
ул. Калинина, 125, Георгиевск;Георгиевск ТЦ Вершина;44.130163;43.448645
с20, 2-й микрорайон, рабочий посёлок Ржавки;Зеленоград ТЦ Зеленопарк;55.999489;37.258041
70, посёлок Айский, Златоуст;Златоуст ТЦ Тарелка;55.124381;59.700214
Бесединское ш., вл15, Москва;Москва ТЦ Парк-Хаус Братеево;55.624913;37.761283
Профсоюзная ул., 129А, Москва;Москва ТЦ Принц Плаза;55.618597;37.506457
Советская ул., 205/2, Бийск;ТЦ Ривьера;52.512011;85.173697
ул. Мустай Карима, 11В/28, Алматы, Казахстан;Алматы ТЦ Алматы Молл;43.20791;76.858082
улица Орджоникидзе, 57;Борисов ТЦ Мандарин;54.224181;28.498076
Смоленская область, г. Десногорск, тер. Набережная зона отдыха, стр. 1 ;Десногорск ТЦ Галактика;54.152052;33.28661
просп. Бухар Жырау, 86, Караганда, Казахстан;Караганда ТЦ ГрандСтор;49.790062;73.104641
ул. Землячки, 110Б, Волгоград;Волгоград ТЦ Мармелад;48.744389;44.519106
ул. Ферина, 29, Уфа;Уфа ТЦ Акварин;54.778238;56.132072
просп. Ленина, 32, Мурманск;Мурманск ТЦ Мурманск Молл;68.956498;33.070638
Ханты-Мансийский АО, Нижневартовск, ул. Ленина, 8;Нижневартовск ТЦ Грин Парк;60.938153;76.556523
Талсинская ул., 6Б, Щёлково;Щелково ТЦ Этажи;55.927201;37.988124
Казахстан, г. Актау, 4-й микрорайон, 74;Актау ТЦ Шум;43.637338;51.165669
просп. Сакена Сейфуллина, 617, Алматы, Казахстан;ФРМ Алматы ТЦ Форум;43.233551;76.935451
ул. Тельмана, 25, Энгельс;Энгельс ТЦ Облака;51.488164;46.125154
Боевая ул., 25, Астрахань;ФРМ Астрахань ТЦ Алимпик;46.338281;48.023077
пр-кт Новоясеневский, д.11;Москва ТЦ Форт;55.606606;37.535825
ул. Ефимова, 2, Санкт-Петербург;С-Петербург ТЦ Пик;59.926368;30.320116
ул. Дыбенко, 30, Самара;Самара ТЦ Космопорт Новый;53.206869;50.198331
площадь Стачек, 9, стр. 1, Санкт-Петербург;С-Петербург ТЦ Кировский Универмаг;59.899951;30.27271
Саратовская обл., г. Балаково, ул. Трнавская, д. 24;Балаково ТЦ Грин Хаус Новый;52.022932;47.829089
Респ. Коми, г. Воркута, ул. Деповский пер., 2;Воркута ТЦ Мир;67.503421;64.076988
Республика Татарстан, г.  Казань, улица Павлюхина,  д.91;Казань ТЦ Казань Молл;55.768351;49.148194
Калининградская обл .г. Калининград , Приморское кольцо, 2;Калининград ТЦ Балтия Молл;54.772609;20.548394
Курская обл., г. Курск, ул. Студенческая, д. 1;Курск ТЦ Европа 40;51.74127;36.145914
г. Москва, ул. Лескова, д. 14;Москва ТЦ Будапешт;55.703949;37.7655
Краснодарский край, г. Апшеронск, ул. Ворошилова, 16;Апшеронск ТЦ Радуга;44.465798;39.738286
